,movie
1,베놈 2: 렛 데어 비 카니지
2,007 노 타임 투 다이
3,보이스
4,기적
5,모가디슈
6,듄
7,그래비티
8,용과 주근깨 공주
9,노회찬6411
10,샹치와 텐 링즈의 전설
11,고양이를 부탁해
12,스틸워터
13,라스트 듀얼: 최후의 결투
14,쁘띠 마망
15,인질
16,극장판 짱구는 못말려: 격돌! 낙서왕국과 얼추 네 명의 용사들
17,최선의 삶
18,플라이 투 더 스카이
19,십개월의 미래
20,코다
21,프리 가이
22,졸트
23,푸른 호수
24,피어썸
25,화이트데이: 부서진 결계
26,"극장판 포켓몬스터: 정글의 아이, 코코"
27,이터널스
28,아임 유어 맨
29,캔디맨
30,브라더
31,매직 스쿨: 초보마법사 아우라의 대모험
32,세일러복과 기관총
33,실: 인연의 시작
34,요시찰
35,올드
36,타다: 대한민국 스타트업의 초상
37,F20
38,킬링 오브 투 러버스
39,밥정
40,강릉
41,색다른 그녀
42,싱크홀
43,다함께 여름!
44,경고
45,스파이더맨: 노 웨이 홈
46,귀멸의 칼날: 남매의 연
47,그린 나이트
48,서유기: 재세요왕
49,007 스펙터
50,베놈
